<?xml version="1.0" encoding="UTF-8"?>
<extension type="plugin" method="upgrade" group="system">
    <name>plg_system_article_progressbar</name>
    <author>Rishabh Ranjan Jha</author>
    <creationDate>July 2021</creationDate>
    <copyright>(C) 2021 Rishabh Ranjan Jha</copyright>
    <license>GNU General Public License version 2 or later; see LICENSE.txt</license>
    <authorEmail>rpextensions@gmail.com</authorEmail>
    <version>1.0.0</version>
    <description>PLG_SYSTEM_ARTICLE_PROGRESSBAR_XML_DESCRIPTION</description>

    <files>
        <filename plugin="rparticleprogressbar">rparticleprogressbar.php</filename>
    </files>

    <languages folder="administrator/language">
        <language tag="en-GB">language/en-GB/en-GB.plg_system_rparticleprogressbar.ini</language>
        <language tag="en-GB">language/en-GB/en-GB.plg_system_rparticleprogressbar.sys.ini</language>
    </languages>

    <config>
        <fields name="params">
            <fieldset name="basic">

                <field
                    name="site_part"
                    type="note"
                    class="alert alert-info"
                    label="PLG_SYSTEM_ARTICLE_PROGRESSBAR_SITE_PART"
                />

                <field
                    name="site"
                    type="radio"
                    class="btn-group btn-group-yesno"
                    label="PLG_SYSTEM_ARTICLE_PROGRESSBAR_ON_SITE_PART"
                    default="1"
                    filter="integer"
                    >
                    <option value="0">JNO</option>
                    <option value="1">JYES</option>
                </field>

                <field
                    name="site_position"
                    type="list"
                    label="PLG_SYSTEM_ARTICLE_PROGRESSBAR_POSITION"
                    default="top"
                    showon="site:1"
                    >
                    <option value="top">PLG_SYSTEM_ARTICLE_PROGRESSBAR_POSITION_TOP</option>
                    <option value="bottom">PLG_SYSTEM_ARTICLE_PROGRESSBAR_POSITION_BOTTOM</option>
                    <option value="left">PLG_SYSTEM_ARTICLE_PROGRESSBAR_POSITION_LEFT</option>
                    <option value="right">PLG_SYSTEM_ARTICLE_PROGRESSBAR_POSITION_RIGHT</option>
                </field>

                <field
                    name="site_offset"
                    type="text"
                    label="PLG_SYSTEM_ARTICLE_PROGRESSBAR_OFFSET"
                    default="0"
                    showon="site:1"
                />

                <field
                    name="site_bcolor"
                    type="color"
                    label="PLG_SYSTEM_ARTICLE_PROGRESSBAR_BACKGROUND_COLOR"
                    default="#c7c7c7"
                    showon="site:1"
                />

                <field
                    name="site_pcolor"
                    type="color"
                    label="PLG_SYSTEM_ARTICLE_PROGRESSBAR_PROGRESSBAR_COLOR"
                    default="#5abfdd"
                    showon="site:1"
                />

                <field
                    name="site_width"
                    type="text"
                    label="PLG_SYSTEM_ARTICLE_PROGRESSBAR_WIDTH"
                    default="8px"
                    showon="site_position:left,right[AND]site:1"
                />

                <field
                    name="site_height"
                    type="text"
                    label="PLG_SYSTEM_ARTICLE_PROGRESSBAR_HEIGHT"
                    default="8px"
                    showon="site_position:top,bottom[AND]site:1"
                />

                <field
                    name="site_bradius"
                    type="text"
                    label="PLG_SYSTEM_ARTICLE_PROGRESSBAR_BORDER_RADIUS"
                    default="100px"
                    showon="site:1"
                />

                <field
                    name="admin_part"
                    type="note"
                    class="alert alert-info"
                    label="PLG_SYSTEM_ARTICLE_PROGRESSBAR_ADMIN_PART"
                />

                <field
                    name="admin"
                    type="radio"
                    class="btn-group btn-group-yesno"
                    label="PLG_SYSTEM_ARTICLE_PROGRESSBAR_ON_ADMIN_PART"
                    default="0"
                    filter="integer"
                    >
                    <option value="0">JNO</option>
                    <option value="1">JYES</option>
                </field>

                <field
                    name="admin_position"
                    type="list"
                    label="PLG_SYSTEM_ARTICLE_PROGRESSBAR_POSITION"
                    default="top"
                    showon="admin:1"
                    >
                    <option value="top">PLG_SYSTEM_ARTICLE_PROGRESSBAR_POSITION_TOP</option>
                    <option value="bottom">PLG_SYSTEM_ARTICLE_PROGRESSBAR_POSITION_BOTTOM</option>
                    <option value="left">PLG_SYSTEM_ARTICLE_PROGRESSBAR_POSITION_LEFT</option>
                    <option value="right">PLG_SYSTEM_ARTICLE_PROGRESSBAR_POSITION_RIGHT</option>
                </field>

                <field
                    name="admin_offset"
                    type="text"
                    label="PLG_SYSTEM_ARTICLE_PROGRESSBAR_OFFSET"
                    default="0"
                    showon="admin:1"
                />

                <field
                    name="admin_bcolor"
                    type="color"
                    label="PLG_SYSTEM_ARTICLE_PROGRESSBAR_BACKGROUND_COLOR"
                    default="#c7c7c7"
                    showon="admin:1"
                />

                <field
                    name="admin_pcolor"
                    type="color"
                    label="PLG_SYSTEM_ARTICLE_PROGRESSBAR_PROGRESSBAR_COLOR"
                    default="#5abfdd"
                    showon="admin:1"
                />

                <field
                    name="admin_width"
                    type="text"
                    label="PLG_SYSTEM_ARTICLE_PROGRESSBAR_WIDTH"
                    default="8px"
                    showon="admin_position:left,right[AND]admin:1"
                />

                <field
                    name="admin_height"
                    type="text"
                    label="PLG_SYSTEM_ARTICLE_PROGRESSBAR_HEIGHT"
                    default="8px"
                    showon="admin_position:top,bottom[AND]admin:1"
                />

                <field
                    name="admin_bradius"
                    type="text"
                    label="PLG_SYSTEM_ARTICLE_PROGRESSBAR_BORDER_RADIUS"
                    default="100px"
                    showon="admin:1"
                />

            </fieldset>
        </fields>
    </config>

    <updateservers>
        <server type="extension" priority="1" name="RP Article Progressbar Updates">https://raw.githubusercontent.com/rpextensions/article-progressbar-joomla/master/update.xml</server>
    </updateservers>

</extension>
